"Genome","Completeness","Contamination","Strain heterogeneity","Library","Target","Domain","Phylum","Class","Order","Family","Genus","Species","quality","quality.score"
"EA_SRX1892413-bin.0",95,0,0,"EA_SRX1892413","Omnivore","Bacteria","Bacteroidota","Bacteroidia","Bacteroidales","UBA932","Cryptobacteroides","Cryptobacteroides sp900541925","High",95
"EA_SRX1892413-bin.1",88,5.33,25,"EA_SRX1892413","Omnivore","Bacteria","Firmicutes","Bacilli","RF39","UBA660","Onthousia","Onthousia sp000438295","Medium",61.35
"EA_SRX1892413-bin.11",56.7,0.67,60,"EA_SRX1892413","Omnivore","Bacteria","Bacteroidota","Bacteroidia","Bacteroidales","Bacteroidaceae","Prevotella","Prevotella sp000434975","Medium",53.35
"EA_SRX1892413-bin.12",94.93,0.11,0,"EA_SRX1892413","Omnivore","Bacteria","Firmicutes_A","Clostridia","Oscillospirales","Acutalibacteraceae","CAG-964","CAG-964 sp000435335","High",94.38
"EA_SRX1892413-bin.14",97.12,0.4,50,"EA_SRX1892413","Omnivore","Bacteria","Firmicutes_A","Clostridia","Lachnospirales","Lachnospiraceae","CAG-632","CAG-632 sp002406015","High",95.12
"EA_SRX1892413-bin.15",83.85,2.44,0,"EA_SRX1892413","Omnivore","Bacteria","Firmicutes_A","Clostridia","Lachnospirales","Lachnospiraceae","CAG-95","CAG-95 sp000436115","Medium",71.65
"EA_SRX1892413-bin.16",55.84,0,0,"EA_SRX1892413","Omnivore","Bacteria","Firmicutes_A","Clostridia","Oscillospirales","Ruminococcaceae","Faecalibacterium","Faecalibacterium prausnitzii_C","Medium",55.84
"EA_SRX1892413-bin.18",97.99,0,0,"EA_SRX1892413","Omnivore","Bacteria","Firmicutes_A","Clostridia","Oscillospirales","Ruminococcaceae","CAG-353","CAG-353 sp900066885","High",97.99
"EA_SRX1892413-bin.22",99.25,0,0,"EA_SRX1892413","Omnivore","Bacteria","Firmicutes_A","Clostridia","Lachnospirales","Lachnospiraceae","Agathobacter","Agathobacter rectalis","High",99.25
"EA_SRX1892413-bin.23",93.57,1.01,100,"EA_SRX1892413","Omnivore","Bacteria","Firmicutes_A","Clostridia","Oscillospirales","Oscillospiraceae","Faecousia","Faecousia sp900553805","High",88.52
"EA_SRX1892413-bin.24",97.99,0,0,"EA_SRX1892413","Omnivore","Bacteria","Firmicutes_A","Clostridia","Oscillospirales","Acutalibacteraceae","Eubacterium_R","Eubacterium_R sp003526845","High",97.99
"EA_SRX1892413-bin.25",94.6,3.65,66.67,"EA_SRX1892413","Omnivore","Bacteria","Bacteroidota","Bacteroidia","Bacteroidales","UBA932","Cryptobacteroides","Cryptobacteroides sp000433355","High",76.35
"EA_SRX1892413-bin.27",98.55,3.09,0,"EA_SRX1892413","Omnivore","Bacteria","Firmicutes_A","Clostridia","Lachnospirales","Lachnospiraceae","CAG-510","CAG-510 sp900550475","High",83.1
"EA_SRX1892413-bin.28",97.05,0,0,"EA_SRX1892413","Omnivore","Bacteria","Firmicutes_A","Clostridia","Oscillospirales","Acutalibacteraceae","CAG-177","CAG-177 sp000431775","High",97.05
"EA_SRX1892413-bin.29",97.09,0,0,"EA_SRX1892413","Omnivore","Bacteria","Firmicutes_A","Clostridia","Oscillospirales","Acutalibacteraceae","CAG-488","CAG-488 sp000434055","High",97.09
"EA_SRX1892413-bin.3",86.86,0.34,100,"EA_SRX1892413","Omnivore","Bacteria","Firmicutes_A","Clostridia","Oscillospirales","Ruminococcaceae","Faecalibacterium","Faecalibacterium prausnitzii_H","Medium",85.16
"EA_SRX1892413-bin.30",72.73,3.37,46.15,"EA_SRX1892413","Omnivore","Bacteria","Firmicutes_A","Clostridia","Oscillospirales","Oscillospiraceae","Limivicinus","Limivicinus sp900547315","Medium",55.88
"EA_SRX1892413-bin.31",63.52,0.56,0,"EA_SRX1892413","Omnivore","Bacteria","Firmicutes_A","Clostridia","Oscillospirales","Ruminococcaceae","Ruminococcus","Ruminococcus sp900540005","Medium",60.72
"EA_SRX1892413-bin.33",90.56,6.63,78.57,"EA_SRX1892413","Omnivore","Bacteria","Firmicutes_A","Clostridia","Oscillospirales","Ruminococcaceae","Faecalibacterium","Faecalibacterium prausnitzii","Medium",57.41
"EA_SRX1892413-bin.34",92.33,1.69,25,"EA_SRX1892413","Omnivore","Bacteria","Firmicutes_A","Clostridia","Lachnospirales","Lachnospiraceae","Agathobacter","Agathobacter faecis","High",83.88
"EA_SRX1892413-bin.35",100,0.63,0,"EA_SRX1892413","Omnivore","Bacteria","Firmicutes_C","Negativicutes","Veillonellales","Dialisteraceae","Dialister","Dialister sp000434475","High",96.85
"EA_SRX1892413-bin.36",95.75,0.67,0,"EA_SRX1892413","Omnivore","Bacteria","Firmicutes_A","Clostridia","Oscillospirales","CAG-382","UMGS1052","UMGS1052 sp900548115","High",92.4
"EA_SRX1892413-bin.39",99.48,0,0,"EA_SRX1892413","Omnivore","Bacteria","Firmicutes","Bacilli","Lactobacillales","Lactobacillaceae","Ligilactobacillus","Ligilactobacillus ruminis","High",99.48
"EA_SRX1892413-bin.4",84.5,0.89,50,"EA_SRX1892413","Omnivore","Bacteria","Firmicutes_A","Clostridia","Oscillospirales","Oscillospiraceae","Limivicinus","Limivicinus sp900549865","Medium",80.05
"EA_SRX1892413-bin.40",68.59,2.37,18.18,"EA_SRX1892413","Omnivore","Bacteria","Actinobacteriota","Coriobacteriia","Coriobacteriales","Atopobiaceae","Paratractidigestivibacter","Paratractidigestivibacter faecalis","Medium",56.74
"EA_SRX1892413-bin.42",83.56,5.97,72.73,"EA_SRX1892413","Omnivore","Bacteria","Firmicutes","Bacilli","Erysipelotrichales","Erysipelotrichaceae","Holdemanella","Holdemanella biformis","Medium",53.71
"EA_SRX1892413-bin.43",61.4,0.78,100,"EA_SRX1892413","Omnivore","Bacteria","Firmicutes_A","Clostridia","Lachnospirales","Lachnospiraceae","Mediterraneibacter","Mediterraneibacter faecis","Medium",57.5
"EA_SRX1892413-bin.44",99.38,0.29,0,"EA_SRX1892413","Omnivore","Bacteria","Proteobacteria","Gammaproteobacteria","Enterobacterales","Succinivibrionaceae","Succinivibrio","Succinivibrio sp000431835","High",97.93
"EA_SRX1892413-bin.5",94.79,0,0,"EA_SRX1892413","Omnivore","Bacteria","Firmicutes_A","Clostridia","Oscillospirales","Oscillospiraceae","Faecousia","Faecousia sp000434635","High",94.79
"EA_SRX1892413-bin.6",100,0,0,"EA_SRX1892413","Omnivore","Bacteria","Firmicutes","Bacilli","Erysipelotrichales","Coprobacillaceae","Catenibacterium","Catenibacterium mitsuokai","High",100
"EA_SRX1892413-bin.7",99.19,1.08,0,"EA_SRX1892413","Omnivore","Bacteria","Firmicutes_A","Clostridia","Christensenellales","CAG-138","SFEL01","SFEL01 sp004557245","High",93.79
"EA_SRX1892413-bin.8",91.28,0.17,0,"EA_SRX1892413","Omnivore","Bacteria","Firmicutes_A","Clostridia","Oscillospirales","Oscillospiraceae","ER4","ER4 sp900317525","High",90.43
"EA_SRX1892413-bin.9",95.3,0,0,"EA_SRX1892413","Omnivore","Bacteria","Firmicutes_A","Clostridia","Lachnospirales","Lachnospiraceae","CAG-303","CAG-303 sp900539455","High",95.3
"EA_SRX1892417-bin.0",89.89,3.62,0,"EA_SRX1892417","Omnivore","Bacteria","Firmicutes","Bacilli","RF39","UBA660","Coprovivens","Coprovivens sp900552975","Medium",71.79
"EA_SRX1892417-bin.11",97.52,0.34,100,"EA_SRX1892417","Omnivore","Bacteria","Firmicutes_A","Clostridia","Oscillospirales","Oscillospiraceae","ER4","ER4 sp000765235","High",95.82
"EA_SRX1892417-bin.12",97.79,1.55,0,"EA_SRX1892417","Omnivore","Bacteria","Firmicutes_A","Clostridia","Lachnospirales","Lachnospiraceae","CAG-510","CAG-510 sp000434615","High",90.04
"EA_SRX1892417-bin.13",99.33,0.34,100,"EA_SRX1892417","Omnivore","Bacteria","Firmicutes_A","Clostridia","Lachnospirales","Lachnospiraceae","Bacteroides_F","Bacteroides_F pectinophilus","High",97.63
"EA_SRX1892417-bin.14",98.66,0.34,0,"EA_SRX1892417","Omnivore","Bacteria","Firmicutes_A","Clostridia","Oscillospirales","Acutalibacteraceae","Ruminococcus_E","Ruminococcus_E sp003526955","High",96.96
"EA_SRX1892417-bin.15",97.32,1.34,0,"EA_SRX1892417","Omnivore","Bacteria","Firmicutes_A","Clostridia","Oscillospirales","Acutalibacteraceae","Fimenecus","Fimenecus sp000432435","High",90.62
"EA_SRX1892417-bin.17",53.26,0,0,"EA_SRX1892417","Omnivore","Bacteria","Firmicutes_A","Clostridia","Oscillospirales","Ruminococcaceae","Angelakisella","Angelakisella sp900547385","Medium",53.26
"EA_SRX1892417-bin.18",99.88,1.5,0,"EA_SRX1892417","Omnivore","Bacteria","Firmicutes_C","Negativicutes","Acidaminococcales","Acidaminococcaceae","Phascolarctobacterium","Phascolarctobacterium faecium","High",92.38
"EA_SRX1892417-bin.19",98.6,0.93,0,"EA_SRX1892417","Omnivore","Bacteria","Firmicutes_A","Clostridia","Christensenellales","CAG-74","UBA11524","UBA11524 sp000437595","High",93.95
"EA_SRX1892417-bin.2",76.53,1.52,0,"EA_SRX1892417","Omnivore","Bacteria","Firmicutes_A","Clostridia","Lachnospirales","Lachnospiraceae","Agathobacter","Agathobacter rectalis","Medium",68.93
"EA_SRX1892417-bin.20",69.19,1.01,0,"EA_SRX1892417","Omnivore","Bacteria","Firmicutes_A","Clostridia","Oscillospirales","Acutalibacteraceae","UMGS1591",NA,"Medium",64.14
"EA_SRX1892417-bin.21",81.86,2.36,30.77,"EA_SRX1892417","Omnivore","Bacteria","Firmicutes_A","Clostridia","Lachnospirales","Lachnospiraceae","Eisenbergiella","Eisenbergiella sp900066775","Medium",70.06
"EA_SRX1892417-bin.22",96.09,0,0,"EA_SRX1892417","Omnivore","Bacteria","Firmicutes_A","Clostridia","Lachnospirales","Lachnospiraceae","Coprococcus","Coprococcus sp000154245","High",96.09
"EA_SRX1892417-bin.23",86.42,0.21,0,"EA_SRX1892417","Omnivore","Bacteria","Bacteroidota","Bacteroidia","Bacteroidales","Barnesiellaceae","Barnesiella","Barnesiella intestinihominis","Medium",85.37
"EA_SRX1892417-bin.24",97.61,1.44,0,"EA_SRX1892417","Omnivore","Bacteria","Bacteroidota","Bacteroidia","Bacteroidales","Rikenellaceae","Alistipes","Alistipes putredinis","High",90.41
"EA_SRX1892417-bin.25",54.08,0,0,"EA_SRX1892417","Omnivore","Bacteria","Firmicutes_A","Clostridia","Oscillospirales","Oscillospiraceae","CAG-83","CAG-83 sp000435975","Medium",54.08
"EA_SRX1892417-bin.26",98.32,0,0,"EA_SRX1892417","Omnivore","Bacteria","Firmicutes_A","Clostridia","Oscillospirales","Ruminococcaceae","Ruminiclostridium_E","Ruminiclostridium_E sp003512525","High",98.32
"EA_SRX1892417-bin.28",93.49,0.86,66.67,"EA_SRX1892417","Omnivore","Bacteria","Firmicutes_A","Clostridia","Lachnospirales","Lachnospiraceae","Lachnospira","Lachnospira sp003537285","High",89.19
"EA_SRX1892417-bin.4",97.96,0,0,"EA_SRX1892417","Omnivore","Bacteria","Verrucomicrobiota","Verrucomicrobiae","Verrucomicrobiales","Akkermansiaceae","Akkermansia","Akkermansia muciniphila","High",97.96
"EA_SRX1892417-bin.5",78.04,0.92,33.33,"EA_SRX1892417","Omnivore","Bacteria","Firmicutes_A","Clostridia","Oscillospirales","Oscillospiraceae","CAG-170","CAG-170 sp002404795","Medium",73.44
"EA_SRX1892417-bin.6",97.96,1.68,16.67,"EA_SRX1892417","Omnivore","Bacteria","Firmicutes_A","Clostridia","Lachnospirales","Lachnospiraceae","Agathobacter","Agathobacter sp900550545","High",89.56
"EA_SRX1892417-bin.7",95.91,1.92,20,"EA_SRX1892417","Omnivore","Bacteria","Firmicutes_A","Clostridia","Lachnospirales","Lachnospiraceae","COE1","COE1 sp001916965","High",86.31
"EA_SRX1892417-bin.8",97.45,0.75,0,"EA_SRX1892417","Omnivore","Bacteria","Bacteroidota","Bacteroidia","Bacteroidales","Bacteroidaceae","Phocaeicola","Phocaeicola dorei","High",93.7
"EA_SRX2058895-bin.1",72.52,2.45,0,"EA_SRX2058895","Vegetarian","Bacteria","Firmicutes_A","Clostridia","Christensenellales","QALW01","QALW01","QALW01 sp003150515","Medium",60.27
"EA_SRX2058895-bin.10",73.94,0.27,0,"EA_SRX2058895","Vegetarian","Bacteria","Actinobacteriota","Coriobacteriia","Coriobacteriales","Eggerthellaceae","Ellagibacter","Ellagibacter isourolithinifaciens","Medium",72.59
"EA_SRX2058895-bin.15",73.4,1.06,100,"EA_SRX2058895","Vegetarian","Bacteria","Verrucomicrobiota","Verrucomicrobiae","Verrucomicrobiales","Akkermansiaceae","Akkermansia","Akkermansia muciniphila","Medium",68.1
"EA_SRX2058895-bin.18",67.6,2.03,0,"EA_SRX2058895","Vegetarian","Bacteria","Firmicutes_A","Clostridia","Oscillospirales","CAG-272","UMGS911","UMGS911 sp003343545","Medium",57.45
"EA_SRX2058895-bin.20",72.97,0.88,0,"EA_SRX2058895","Vegetarian","Bacteria","Firmicutes_A","Clostridia","UBA1381","UBA1381","CAG-41","CAG-41 sp900066215","Medium",68.57
"EA_SRX2058895-bin.21",91.54,3.36,33.33,"EA_SRX2058895","Vegetarian","Bacteria","Bacteroidota","Bacteroidia","Bacteroidales","Barnesiellaceae","Barnesiella","Barnesiella intestinihominis","High",74.74
"EA_SRX2058895-bin.22",59.63,1.86,0,"EA_SRX2058895","Vegetarian","Bacteria","Firmicutes_A","Clostridia","Lachnospirales","Lachnospiraceae","Agathobacter","Agathobacter rectalis","Medium",50.33
"EA_SRX2058895-bin.25",85.08,1.79,40,"EA_SRX2058895","Vegetarian","Bacteria","Firmicutes_A","Clostridia","Oscillospirales","CAG-272","HGM12669","HGM12669 sp900761935","Medium",76.13
"EA_SRX2058895-bin.28",73.12,3.41,11.11,"EA_SRX2058895","Vegetarian","Bacteria","Firmicutes_A","Clostridia","Oscillospirales","Oscillospiraceae","F23-B02","F23-B02 sp002472405","Medium",56.07
"EA_SRX2058895-bin.29",71.11,4.18,18.18,"EA_SRX2058895","Vegetarian","Bacteria","Firmicutes_A","Clostridia","TANB77","CAG-508","Merdicola","Merdicola sp001915925","Medium",50.21
"EA_SRX2058895-bin.31",81.8,2.87,45.45,"EA_SRX2058895","Vegetarian","Bacteria","Bacteroidota","Bacteroidia","Bacteroidales","Muribaculaceae","UBA7173","UBA7173 sp900545955","Medium",67.45
"EA_SRX2058895-bin.32",68.92,3.36,40,"EA_SRX2058895","Vegetarian","Bacteria","Firmicutes_A","Clostridia","Lachnospirales","Lachnospiraceae","Anaerostipes","Anaerostipes hadrus","Medium",52.12
"EA_SRX2058895-bin.34",51,0.12,0,"EA_SRX2058895","Vegetarian","Bacteria","Actinobacteriota","Coriobacteriia","Coriobacteriales","Coriobacteriaceae","Collinsella","Collinsella aerofaciens_F","Medium",50.4
"EA_SRX2058895-bin.35",59.63,1.34,33.33,"EA_SRX2058895","Vegetarian","Bacteria","Firmicutes_A","Clostridia","Lachnospirales","Lachnospiraceae","Anaerobutyricum","Anaerobutyricum hallii","Medium",52.93
"EA_SRX2058895-bin.36",87.78,0.89,50,"EA_SRX2058895","Vegetarian","Bacteria","Firmicutes_A","Clostridia","Oscillospirales","Acutalibacteraceae","Ruminococcus_E","Ruminococcus_E sp900314705","Medium",83.33
"EA_SRX2058895-bin.40",55.25,0.47,100,"EA_SRX2058895","Vegetarian","Bacteria","Bacteroidota","Bacteroidia","Bacteroidales","Tannerellaceae","Parabacteroides","Parabacteroides distasonis","Medium",52.9
"EA_SRX2058895-bin.41",98.66,2.01,20,"EA_SRX2058895","Vegetarian","Bacteria","Firmicutes_A","Clostridia","Oscillospirales","Acutalibacteraceae","Fimenecus","Fimenecus sp000432435","High",88.61
"EA_SRX2058895-bin.42",90.9,1.47,0,"EA_SRX2058895","Vegetarian","Bacteria","Bacteroidota","Bacteroidia","Bacteroidales","Rikenellaceae","Alistipes","Alistipes putredinis","High",83.55
"EA_SRX2058895-bin.6",71.72,3.45,100,"EA_SRX2058895","Vegetarian","Bacteria","Bacteroidota","Bacteroidia","Bacteroidales","Bacteroidaceae","Bacteroides","Bacteroides intestinalis","Medium",54.47
"EA_SRX2058895-bin.8",72.45,2.84,60,"EA_SRX2058895","Vegetarian","Bacteria","Firmicutes_A","Clostridia","Peptostreptococcales","Anaerovoracaceae","Fimisoma","Fimisoma sp000435715","Medium",58.25
"EA_SRX2058895-bin.9",77.52,1.22,0,"EA_SRX2058895","Vegetarian","Bacteria","Firmicutes_C","Negativicutes","Acidaminococcales","Acidaminococcaceae","Phascolarctobacterium","Phascolarctobacterium faecium","Medium",71.42
"EA_SRX2058897-bin.0",73.29,3.54,85.71,"EA_SRX2058897","Vegan","Bacteria","Firmicutes_A","Clostridia","Oscillospirales","Ruminococcaceae","Faecalibacterium","Faecalibacterium prausnitzii_F","Medium",55.59
"EA_SRX2058897-bin.10",78.65,4.65,0,"EA_SRX2058897","Vegan","Bacteria","Firmicutes","Bacilli","RF39","UBA660","UBA5578",NA,"Medium",55.4
"EA_SRX2058897-bin.11",92.3,0.67,0,"EA_SRX2058897","Vegan","Bacteria","Firmicutes_A","Clostridia","Oscillospirales","Acutalibacteraceae","Ruminococcus_E","Ruminococcus_E bromii_B","High",88.95
"EA_SRX2058897-bin.13",86.63,2.25,0,"EA_SRX2058897","Vegan","Bacteria","Firmicutes","Bacilli","RF39","UBA660","Ventrenecus","Ventrenecus sp905205665","Medium",75.38
"EA_SRX2058897-bin.16",98.95,1.17,0,"EA_SRX2058897","Vegan","Bacteria","Firmicutes_A","Clostridia","Christensenellales","CAG-74","UBA11524","UBA11524 sp000437595","High",93.1
"EA_SRX2058897-bin.19",84.4,5.02,58.33,"EA_SRX2058897","Vegan","Bacteria","Firmicutes_A","Clostridia","Lachnospirales","Lachnospiraceae","UBA11774","UBA11774 sp003507655","Medium",59.3
"EA_SRX2058897-bin.2",96.6,0.37,0,"EA_SRX2058897","Vegan","Bacteria","Bacteroidota","Bacteroidia","Bacteroidales","Bacteroidaceae","Alloprevotella","Alloprevotella sp900539625","High",94.75
"EA_SRX2058897-bin.22",98.15,3.66,54.55,"EA_SRX2058897","Vegan","Bacteria","Firmicutes_A","Clostridia","Lachnospirales","Lachnospiraceae","Acetatifactor","Acetatifactor intestinalis","High",79.85
"EA_SRX2058897-bin.24",97.27,0.34,0,"EA_SRX2058897","Vegan","Bacteria","Firmicutes_A","Clostridia","Oscillospirales","Acutalibacteraceae","CAG-177","CAG-177 sp003514385","High",95.57
"EA_SRX2058897-bin.25",87.2,0.6,33.33,"EA_SRX2058897","Vegan","Bacteria","Bacteroidota","Bacteroidia","Bacteroidales","Bacteroidaceae","Paraprevotella","Paraprevotella clara","Medium",84.2
"EA_SRX2058897-bin.27",99.4,0.65,0,"EA_SRX2058897","Vegan","Bacteria","Firmicutes_C","Negativicutes","Acidaminococcales","Acidaminococcaceae","Phascolarctobacterium_A","Phascolarctobacterium_A succinatutens","High",96.15
"EA_SRX2058897-bin.29",63.97,1.2,20,"EA_SRX2058897","Vegan","Bacteria","Firmicutes_A","Clostridia","Lachnospirales","Lachnospiraceae","Roseburia","Roseburia hominis","Medium",57.97
"EA_SRX2058897-bin.3",93.08,2.12,33.33,"EA_SRX2058897","Vegan","Bacteria","Firmicutes_A","Clostridia","Lachnospirales","Lachnospiraceae","Roseburia","Roseburia sp900753715","High",82.48
"EA_SRX2058897-bin.30",94.52,0,0,"EA_SRX2058897","Vegan","Bacteria","Firmicutes_A","Clostridia","Oscillospirales","Ruminococcaceae","Ruminococcus_D","Ruminococcus_D bicirculans","High",94.52
"EA_SRX2058897-bin.31",78.02,0,0,"EA_SRX2058897","Vegan","Bacteria","Firmicutes","Bacilli","RF39","UBA660","CAG-302","CAG-302 sp000431795","Medium",78.02
"EA_SRX2058897-bin.32",97.23,0,0,"EA_SRX2058897","Vegan","Bacteria","Bacteroidota","Bacteroidia","Bacteroidales","Muribaculaceae","CAG-873","CAG-873 sp001701165","High",97.23
"EA_SRX2058897-bin.33",97.28,0.19,0,"EA_SRX2058897","Vegan","Bacteria","Bacteroidota","Bacteroidia","Bacteroidales","Bacteroidaceae","Prevotella","Prevotella rara","High",96.33
"EA_SRX2058897-bin.34",86.61,0,0,"EA_SRX2058897","Vegan","Bacteria","Firmicutes","Bacilli","RF39","UBA660","CAG-302","CAG-302 sp900543825","Medium",86.61
"EA_SRX2058897-bin.35",62.57,0,0,"EA_SRX2058897","Vegan","Bacteria","Bacteroidota","Bacteroidia","Bacteroidales","Bacteroidaceae","Phocaeicola","Phocaeicola plebeius_A","Medium",62.57
"EA_SRX2058897-bin.37",97.47,1.69,16.67,"EA_SRX2058897","Vegan","Bacteria","Bacteroidota","Bacteroidia","Bacteroidales","Bacteroidaceae","Prevotella","Prevotella copri_A","High",89.02
"EA_SRX2058897-bin.38",97.04,0,0,"EA_SRX2058897","Vegan","Bacteria","Firmicutes","Bacilli","Erysipelotrichales","Coprobacillaceae","Catenibacterium","Catenibacterium mitsuokai","High",97.04
"EA_SRX2058897-bin.39",75.67,3.44,41.67,"EA_SRX2058897","Vegan","Bacteria","Actinobacteriota","Actinomycetia","Actinomycetales","Bifidobacteriaceae","Bifidobacterium","Bifidobacterium pseudocatenulatum","Medium",58.47
"EA_SRX2058897-bin.4",95.66,0.89,50,"EA_SRX2058897","Vegan","Bacteria","Firmicutes_A","Clostridia","Lachnospirales","Lachnospiraceae","Lachnospira","Lachnospira sp000436535","High",91.21
"EA_SRX2058897-bin.40",97.32,1.45,33.33,"EA_SRX2058897","Vegan","Bacteria","Firmicutes_A","Clostridia","Lachnospirales","Lachnospiraceae","Butyrivibrio_A","Butyrivibrio_A crossotus","High",90.07
"EA_SRX2058897-bin.42",62.38,0,0,"EA_SRX2058897","Vegan","Bacteria","Firmicutes","Bacilli","Erysipelotrichales","Erysipelotrichaceae","Holdemanella","Holdemanella porci","Medium",62.38
"EA_SRX2058897-bin.44",72.01,1.83,40,"EA_SRX2058897","Vegan","Bacteria","Firmicutes_A","Clostridia","Oscillospirales","Ruminococcaceae","Angelakisella","Angelakisella sp900547385","Medium",62.86
"EA_SRX2058897-bin.46",88.47,1.57,33.33,"EA_SRX2058897","Vegan","Bacteria","Firmicutes_A","Clostridia","Oscillospirales","Acutalibacteraceae","Ruminococcus_E","Ruminococcus_E sp003526955","Medium",80.62
"EA_SRX2058897-bin.47",57.05,0.16,100,"EA_SRX2058897","Vegan","Bacteria","Bacteroidota","Bacteroidia","Bacteroidales","Bacteroidaceae","Phocaeicola","Phocaeicola coprocola","Medium",56.25
"EA_SRX2058897-bin.49",99.33,0,0,"EA_SRX2058897","Vegan","Bacteria","Firmicutes_A","Clostridia","Lachnospirales","Lachnospiraceae","Coprococcus","Coprococcus eutactus_A","High",99.33
"EA_SRX2058897-bin.5",96.13,1.01,14.29,"EA_SRX2058897","Vegan","Bacteria","Bacteroidota","Bacteroidia","Bacteroidales","Muribaculaceae","Limisoma","Limisoma sp000437795","High",91.08
"EA_SRX2058897-bin.50",91.01,2.25,0,"EA_SRX2058897","Vegan","Bacteria","Firmicutes","Bacilli","RF39","UBA660","Onthocola_B","Onthocola_B sp000437355","High",79.76
"EA_SRX2058897-bin.56",88.03,7.52,10.34,"EA_SRX2058897","Vegan","Bacteria","Bacteroidota","Bacteroidia","Bacteroidales","Bacteroidaceae","Bacteroides","Bacteroides eggerthii","Medium",50.43
"EA_SRX2058897-bin.6",96.64,0,0,"EA_SRX2058897","Vegan","Bacteria","Firmicutes_A","Clostridia","Oscillospirales","Acutalibacteraceae","Eubacterium_R","Eubacterium_R sp000436835","High",96.64
"EA_SRX2058897-bin.60",85.46,0.34,0,"EA_SRX2058897","Vegan","Bacteria","Firmicutes_A","Clostridia","Oscillospirales","Ruminococcaceae","Ruminiclostridium_E","Ruminiclostridium_E siraeum","Medium",83.76
"EA_SRX2058897-bin.61",96.98,0,0,"EA_SRX2058897","Vegan","Bacteria","Firmicutes_A","Clostridia","Lachnospirales","Lachnospiraceae","CAG-127","CAG-127 sp900319515","High",96.98
"EA_SRX2058897-bin.62",98.27,0.66,75,"EA_SRX2058897","Vegan","Bacteria","Firmicutes_A","Clostridia","Lachnospirales","Lachnospiraceae","Agathobacter","Agathobacter rectalis","High",94.97
"EA_SRX2058897-bin.63",97.04,1.94,20,"EA_SRX2058897","Vegan","Bacteria","Bacteroidota","Bacteroidia","Bacteroidales","Bacteroidaceae","Prevotella","Prevotella sp900540415","High",87.34
"EA_SRX2058897-bin.8",95.97,0.67,100,"EA_SRX2058897","Vegan","Bacteria","Firmicutes_A","Clostridia","Oscillospirales","Ruminococcaceae","UMGS363","UMGS363 sp900768245","High",92.62
"EA_SRX2058904-bin.0",94.24,0.82,0,"EA_SRX2058904","Vegan","Bacteria","Firmicutes_A","Clostridia","Lachnospirales","Lachnospiraceae","RUG115","RUG115 sp900066395","High",90.14
"EA_SRX2058904-bin.1",65.47,0.67,0,"EA_SRX2058904","Vegan","Bacteria","Firmicutes_A","Clostridia","Oscillospirales","Ruminococcaceae","CAG-115","CAG-115 sp003531585","Medium",62.12
"EA_SRX2058904-bin.11",81.7,0.73,0,"EA_SRX2058904","Vegan","Bacteria","Firmicutes_A","Clostridia","Oscillospirales","Oscillospiraceae","Limivicinus","Limivicinus sp003150355","Medium",78.05
"EA_SRX2058904-bin.12",78.95,0,0,"EA_SRX2058904","Vegan","Bacteria","Firmicutes","Bacilli","RF39","UBA660","CAG-611","CAG-611 sp000434175","Medium",78.95
"EA_SRX2058904-bin.13",97.19,0.02,100,"EA_SRX2058904","Vegan","Bacteria","Firmicutes_A","Clostridia","Oscillospirales","Acutalibacteraceae","Eubacterium_R","Eubacterium_R sp000433975","High",97.09
"EA_SRX2058904-bin.14",75.59,1.42,0,"EA_SRX2058904","Vegan","Bacteria","Firmicutes_A","Clostridia","Lachnospirales","Lachnospiraceae","KLE1615","KLE1615 sp900066985","Medium",68.49
"EA_SRX2058904-bin.16",72.46,4.32,69.23,"EA_SRX2058904","Vegan","Bacteria","Bacteroidota","Bacteroidia","Bacteroidales","Bacteroidaceae","Phocaeicola","Phocaeicola dorei","Medium",50.86
"EA_SRX2058904-bin.17",84.14,4.5,18.18,"EA_SRX2058904","Vegan","Bacteria","Bacteroidota","Bacteroidia","Bacteroidales","Bacteroidaceae","Paraprevotella","Paraprevotella clara","Medium",61.64
"EA_SRX2058904-bin.19",92.68,2.8,0,"EA_SRX2058904","Vegan","Bacteria","Bacteroidota","Bacteroidia","Bacteroidales","Rikenellaceae","Alistipes","Alistipes putredinis","High",78.68
"EA_SRX2058904-bin.2",91.84,1.36,0,"EA_SRX2058904","Vegan","Bacteria","Verrucomicrobiota","Verrucomicrobiae","Verrucomicrobiales","Akkermansiaceae","Akkermansia","Akkermansia muciniphila","High",85.04
"EA_SRX2058904-bin.21",95.56,0.63,0,"EA_SRX2058904","Vegan","Bacteria","Firmicutes_C","Negativicutes","Selenomonadales","Selenomonadaceae","Megamonas","Megamonas funiformis","High",92.41
"EA_SRX2058904-bin.22",98.24,2.79,25,"EA_SRX2058904","Vegan","Bacteria","Firmicutes_C","Negativicutes","Acidaminococcales","Acidaminococcaceae","Phascolarctobacterium_A","Phascolarctobacterium_A sp900544885","High",84.29
"EA_SRX2058904-bin.23",57.36,0.67,0,"EA_SRX2058904","Vegan","Bacteria","Firmicutes_A","Clostridia","Oscillospirales","Ruminococcaceae","Angelakisella","Angelakisella sp900547385","Medium",54.01
"EA_SRX2058904-bin.24",67.83,0.36,0,"EA_SRX2058904","Vegan","Bacteria","Firmicutes_A","Clostridia","TANB77","CAG-508","CAG-273","CAG-273 sp000435755","Medium",66.03
"EA_SRX2058904-bin.26",88.5,2.71,62.5,"EA_SRX2058904","Vegan","Bacteria","Firmicutes_A","Clostridia","Oscillospirales","Oscillospiraceae","ER4","ER4 sp000765235","Medium",74.95
"EA_SRX2058904-bin.29",50,0,0,"EA_SRX2058904","Vegan","Bacteria","Firmicutes_A","Clostridia","Lachnospirales","Lachnospiraceae","Acetatifactor","Acetatifactor intestinalis","Medium",50
"EA_SRX2058904-bin.34",78.81,1.59,71.43,"EA_SRX2058904","Vegan","Bacteria","Bacteroidota","Bacteroidia","Bacteroidales","Bacteroidaceae","Prevotella","Prevotella copri","Medium",70.86
"EA_SRX2058904-bin.6",64.91,1.75,100,"EA_SRX2058904","Vegan","Bacteria","Firmicutes_A","Clostridia","Lachnospirales","Lachnospiraceae","Agathobacter","Agathobacter rectalis","Medium",56.16
"EA_SRX2058904-bin.7",60.74,0.78,50,"EA_SRX2058904","Vegan","Bacteria","Firmicutes_A","Clostridia","Lachnospirales","Lachnospiraceae","Lachnospira","Lachnospira eligens_A","Medium",56.84
"EA_SRX2058904-bin.8",86.05,2.29,40,"EA_SRX2058904","Vegan","Bacteria","Firmicutes_A","Clostridia","Oscillospirales","Oscillospiraceae","F23-B02","F23-B02 sp002472405","Medium",74.6
"EA_SRX3062670-bin.0",85.2,2.94,31.25,"EA_SRX3062670","Vegetarian","Bacteria","Bacteroidota","Bacteroidia","Bacteroidales","Bacteroidaceae","Bacteroides","Bacteroides uniformis","Medium",70.5
"EA_SRX3062670-bin.1",88.47,2.41,60,"EA_SRX3062670","Vegetarian","Bacteria","Firmicutes_A","Clostridia","Oscillospirales","Acutalibacteraceae","Eubacterium_R","Eubacterium_R sp000436835","Medium",76.42
"EA_SRX3062670-bin.12",98.84,1.71,16.67,"EA_SRX3062670","Vegetarian","Bacteria","Firmicutes_A","Clostridia","Lachnospirales","Lachnospiraceae","Agathobacter","Agathobacter faecis","High",90.29
"EA_SRX3062670-bin.13",92.21,1.61,20,"EA_SRX3062670","Vegetarian","Bacteria","Bacteroidota","Bacteroidia","Bacteroidales","Bacteroidaceae","Bacteroides","Bacteroides xylanisolvens","High",84.16
"EA_SRX3062670-bin.14",70.66,0.51,50,"EA_SRX3062670","Vegetarian","Bacteria","Firmicutes_A","Clostridia","Oscillospirales","Ruminococcaceae","Faecalibacterium","Faecalibacterium prausnitzii_G","Medium",68.11
"EA_SRX3062670-bin.3",94.93,0,0,"EA_SRX3062670","Vegetarian","Bacteria","Firmicutes_A","Clostridia","Lachnospirales","Lachnospiraceae","Dorea_A","Dorea_A longicatena","High",94.93
"EA_SRX3062670-bin.6",98.85,0.19,0,"EA_SRX3062670","Vegetarian","Bacteria","Bacteroidota","Bacteroidia","Bacteroidales","Bacteroidaceae","Phocaeicola","Phocaeicola vulgatus","High",97.9
"EA_SRX3062670-bin.7",100,0,0,"EA_SRX3062670","Vegetarian","Bacteria","Firmicutes_C","Negativicutes","Veillonellales","Megasphaeraceae","Megasphaera","Megasphaera sp000417505","High",100
"EA_SRX3062670-bin.8",95.76,1.56,0,"EA_SRX3062670","Vegetarian","Bacteria","Actinobacteriota","Actinomycetia","Actinomycetales","Bifidobacteriaceae","Bifidobacterium","Bifidobacterium adolescentis","High",87.96
"EA_SRX3062670-bin.9",75.31,1.62,25,"EA_SRX3062670","Vegetarian","Bacteria","Bacteroidota","Bacteroidia","Bacteroidales","Rikenellaceae","Alistipes","Alistipes putredinis","Medium",67.21
"EA_SRX5589552-bin.10",81.81,0,0,"EA_SRX5589552","Ketogenic","Bacteria","Bacteroidota","Bacteroidia","Bacteroidales","Marinifilaceae","Odoribacter","Odoribacter laneus","Medium",81.81
"EA_SRX5589552-bin.12",66.39,0.73,0,"EA_SRX5589552","Ketogenic","Bacteria","Actinobacteriota","Coriobacteriia","Coriobacteriales","Coriobacteriaceae","Collinsella",NA,"Medium",62.74
"EA_SRX5589552-bin.16",70.45,1.02,25,"EA_SRX5589552","Ketogenic","Bacteria","Desulfobacterota_I","Desulfovibrionia","Desulfovibrionales","Desulfovibrionaceae","Desulfovibrio","Desulfovibrio sp900556755","Medium",65.35
"EA_SRX5589552-bin.17",97.49,0.12,0,"EA_SRX5589552","Ketogenic","Bacteria","Bacteroidota","Bacteroidia","Bacteroidales","Bacteroidaceae","Bacteroides","Bacteroides uniformis","High",96.89
"EA_SRX5589552-bin.18",93.98,1.69,0,"EA_SRX5589552","Ketogenic","Bacteria","Proteobacteria","Gammaproteobacteria","Burkholderiales","Burkholderiaceae","Sutterella","Sutterella wadsworthensis_A","High",85.53
"EA_SRX5589552-bin.19",99.52,0.96,0,"EA_SRX5589552","Ketogenic","Bacteria","Bacteroidota","Bacteroidia","Bacteroidales","Rikenellaceae","Alistipes","Alistipes putredinis","High",94.72
"EA_SRX5589552-bin.2",91.76,4.36,0,"EA_SRX5589552","Ketogenic","Bacteria","Firmicutes_A","Clostridia","Lachnospirales","Lachnospiraceae","Eisenbergiella","Eisenbergiella tayi","High",69.96
"EA_SRX5589552-bin.21",81.44,3.16,28.57,"EA_SRX5589552","Ketogenic","Bacteria","Firmicutes_A","Clostridia","Lachnospirales","Lachnospiraceae","Hungatella_A",NA,"Medium",65.64
"EA_SRX5589552-bin.23",84.77,1.31,21.43,"EA_SRX5589552","Ketogenic","Bacteria","Proteobacteria","Gammaproteobacteria","Enterobacterales","Enterobacteriaceae","Escherichia","Escherichia coli","Medium",78.22
"EA_SRX5589552-bin.24",83.59,0.67,0,"EA_SRX5589552","Ketogenic","Bacteria","Firmicutes_A","Clostridia","Oscillospirales","Oscillospiraceae","CAG-83","CAG-83 sp000435975","Medium",80.24
"EA_SRX5589552-bin.25",77.59,0,0,"EA_SRX5589552","Ketogenic","Bacteria","Bacteroidota","Bacteroidia","Bacteroidales","Bacteroidaceae","Bacteroides","Bacteroides clarus","Medium",77.59
"EA_SRX5589552-bin.26",79,0.54,0,"EA_SRX5589552","Ketogenic","Bacteria","Bacteroidota","Bacteroidia","Bacteroidales","Marinifilaceae","Odoribacter","Odoribacter splanchnicus","Medium",76.3
"EA_SRX5589552-bin.28",96.64,0,0,"EA_SRX5589552","Ketogenic","Bacteria","Firmicutes_A","Clostridia","Oscillospirales","Oscillospiraceae","ER4","ER4 sp900317525","High",96.64
"EA_SRX5589552-bin.30",97.18,0.96,50,"EA_SRX5589552","Ketogenic","Bacteria","Bacteroidota","Bacteroidia","Bacteroidales","Rikenellaceae","Alistipes_A","Alistipes_A ihumii","High",92.38
"EA_SRX5589552-bin.31",85.24,1.3,80,"EA_SRX5589552","Ketogenic","Bacteria","Bacteroidota","Bacteroidia","Bacteroidales","Bacteroidaceae","Bacteroides","Bacteroides caccae","Medium",78.74
"EA_SRX5589552-bin.32",99.98,1.5,0,"EA_SRX5589552","Ketogenic","Bacteria","Firmicutes_C","Negativicutes","Acidaminococcales","Acidaminococcaceae","Phascolarctobacterium","Phascolarctobacterium faecium","High",92.48
"EA_SRX5589552-bin.34",97.82,0.02,100,"EA_SRX5589552","Ketogenic","Bacteria","Firmicutes_A","Clostridia","Lachnospirales","Lachnospiraceae","Coprococcus","Coprococcus sp000154245","High",97.72
"EA_SRX5589552-bin.35",90.66,0.89,100,"EA_SRX5589552","Ketogenic","Bacteria","Firmicutes_A","Clostridia","Oscillospirales","Ruminococcaceae","Faecalibacterium","Faecalibacterium prausnitzii_G","High",86.21
"EA_SRX5589552-bin.36",97.99,0.34,0,"EA_SRX5589552","Ketogenic","Bacteria","Firmicutes_A","Clostridia","Oscillospirales","Acutalibacteraceae","Fimenecus","Fimenecus sp000432435","High",96.29
"EA_SRX5589552-bin.37",97.66,0,0,"EA_SRX5589552","Ketogenic","Bacteria","Firmicutes_A","Clostridia","Lachnospirales","Lachnospiraceae","Mediterraneibacter","Mediterraneibacter torques","High",97.66
"EA_SRX5589552-bin.39",99.62,0,0,"EA_SRX5589552","Ketogenic","Bacteria","Bacteroidota","Bacteroidia","Bacteroidales","Barnesiellaceae","Barnesiella","Barnesiella intestinihominis","High",99.62
"EA_SRX5589552-bin.4",85.48,1.36,100,"EA_SRX5589552","Ketogenic","Bacteria","Firmicutes_A","Clostridia","Oscillospirales","Ruminococcaceae","Faecalibacterium","Faecalibacterium prausnitzii_J","Medium",78.68
"EA_SRX5589552-bin.6",94.7,0.32,50,"EA_SRX5589552","Ketogenic","Bacteria","Bacteroidota","Bacteroidia","Bacteroidales","Tannerellaceae","Parabacteroides","Parabacteroides distasonis","High",93.1
"EA_SRX5589552-bin.7",71.26,1.3,40,"EA_SRX5589552","Ketogenic","Bacteria","Bacteroidota","Bacteroidia","Bacteroidales","Bacteroidaceae","Paraprevotella","Paraprevotella clara","Medium",64.76
"EA_SRX5589552-bin.9",98.21,0.83,25,"EA_SRX5589552","Ketogenic","Bacteria","Bacteroidota","Bacteroidia","Bacteroidales","Bacteroidaceae","Prevotella","Prevotella sp003447235","High",94.06
"EA_SRX5589561-bin.0",85.7,0,0,"EA_SRX5589561","Ketogenic","Bacteria","Firmicutes_A","Clostridia","Oscillospirales","Oscillospiraceae","CAG-83","CAG-83 sp900545585","Medium",85.7
"EA_SRX5589561-bin.1",79.72,3.04,33.33,"EA_SRX5589561","Ketogenic","Bacteria","Firmicutes_A","Clostridia","Lachnospirales","Lachnospiraceae","Lachnospira","Lachnospira rogosae_A","Medium",64.52
"EA_SRX5589561-bin.10",97.41,0.65,0,"EA_SRX5589561","Ketogenic","Bacteria","Firmicutes_C","Negativicutes","Acidaminococcales","Acidaminococcaceae","Phascolarctobacterium_A","Phascolarctobacterium_A succinatutens","High",94.16
"EA_SRX5589561-bin.11",69.01,1.57,0,"EA_SRX5589561","Ketogenic","Bacteria","Firmicutes_A","Clostridia","Oscillospirales","Oscillospiraceae","CAG-103","CAG-103 sp000432375","Medium",61.16
"EA_SRX5589561-bin.12",91.11,7.42,4,"EA_SRX5589561","Ketogenic","Bacteria","Bacteroidota","Bacteroidia","Bacteroidales","Barnesiellaceae","Barnesiella","Barnesiella intestinihominis","Medium",54.01
"EA_SRX5589561-bin.13",89.26,2.01,66.67,"EA_SRX5589561","Ketogenic","Bacteria","Firmicutes_A","Clostridia","Oscillospirales","Oscillospiraceae","CAG-83","CAG-83 sp900547745","Medium",79.21
"EA_SRX5589561-bin.15",98.82,0.08,100,"EA_SRX5589561","Ketogenic","Bacteria","Bacteroidota","Bacteroidia","Bacteroidales","Tannerellaceae","Parabacteroides","Parabacteroides distasonis","High",98.42
"EA_SRX5589561-bin.16",98.92,0,0,"EA_SRX5589561","Ketogenic","Bacteria","Proteobacteria","Alphaproteobacteria","RF32","CAG-239","CAZU01","CAZU01 sp000432275","High",98.92
"EA_SRX5589561-bin.17",82.09,1.9,0,"EA_SRX5589561","Ketogenic","Bacteria","Proteobacteria","Gammaproteobacteria","Burkholderiales","Burkholderiaceae","Oxalobacter","Oxalobacter sp900760095","Medium",72.59
"EA_SRX5589561-bin.19",59.74,1.74,0,"EA_SRX5589561","Ketogenic","Bacteria","Firmicutes_A","Clostridia","Oscillospirales","Oscillospiraceae","F23-B02","F23-B02 sp001916715","Medium",51.04
"EA_SRX5589561-bin.2",99.03,1.45,0,"EA_SRX5589561","Ketogenic","Bacteria","Firmicutes_A","Clostridia","Lachnospirales","Lachnospiraceae","Acetatifactor","Acetatifactor sp900066565","High",91.78
"EA_SRX5589561-bin.22",89.8,0.54,100,"EA_SRX5589561","Ketogenic","Bacteria","Bacteroidota","Bacteroidia","Bacteroidales","Marinifilaceae","Butyricimonas","Butyricimonas faecihominis","Medium",87.1
"EA_SRX5589561-bin.23",89.69,1.13,0,"EA_SRX5589561","Ketogenic","Bacteria","Bacteroidota","Bacteroidia","Bacteroidales","UBA11471","UBA11471","UBA11471 sp000434215","Medium",84.04
"EA_SRX5589561-bin.24",53.45,0,0,"EA_SRX5589561","Ketogenic","Bacteria","Bacteroidota","Bacteroidia","Bacteroidales","Bacteroidaceae","Bacteroides","Bacteroides uniformis","Medium",53.45
"EA_SRX5589561-bin.25",98.11,0.75,66.67,"EA_SRX5589561","Ketogenic","Bacteria","Bacteroidota","Bacteroidia","Bacteroidales","Muribaculaceae","CAG-1031","CAG-1031 sp000431215","High",94.36
"EA_SRX5589561-bin.26",74.85,0,0,"EA_SRX5589561","Ketogenic","Bacteria","Firmicutes_A","Clostridia","Lachnospirales","CAG-274","Gallispira","Gallispira sp905201505","Medium",74.85
"EA_SRX5589561-bin.27",97.99,1.34,0,"EA_SRX5589561","Ketogenic","Bacteria","Firmicutes_A","Clostridia","Oscillospirales","Acutalibacteraceae","Fimivicinus","Fimivicinus sp900544375","High",91.29
"EA_SRX5589561-bin.28",95.75,0,0,"EA_SRX5589561","Ketogenic","Bacteria","Firmicutes_A","Clostridia","Oscillospirales","Ruminococcaceae","UBA1394","UBA1394 sp900538575","High",95.75
"EA_SRX5589561-bin.29",61.69,0,0,"EA_SRX5589561","Ketogenic","Bacteria","Desulfobacterota_I","Desulfovibrionia","Desulfovibrionales","Desulfovibrionaceae","Desulfovibrio","Desulfovibrio sp900556755","Medium",61.69
"EA_SRX5589561-bin.3",72.65,1.61,88.89,"EA_SRX5589561","Ketogenic","Bacteria","Cyanobacteria","Vampirovibrionia","Gastranaerophilales","Gastranaerophilaceae","Scatousia","Scatousia sp900554385","Medium",64.6
"EA_SRX5589561-bin.30",78.01,1.5,12.5,"EA_SRX5589561","Ketogenic","Bacteria","Bacteroidota","Bacteroidia","Bacteroidales","Bacteroidaceae","Paraprevotella","Paraprevotella xylaniphila","Medium",70.51
"EA_SRX5589561-bin.32",96.41,2.82,15.38,"EA_SRX5589561","Ketogenic","Bacteria","Bacteroidota","Bacteroidia","Bacteroidales","Bacteroidaceae","Bacteroides","Bacteroides cellulosilyticus","High",82.31
"EA_SRX5589561-bin.34",96.98,0,0,"EA_SRX5589561","Ketogenic","Bacteria","Firmicutes_A","Clostridia","Oscillospirales","Ruminococcaceae","Ruminiclostridium_E","Ruminiclostridium_E siraeum","High",96.98
"EA_SRX5589561-bin.35",96.99,0.75,0,"EA_SRX5589561","Ketogenic","Bacteria","Bacteroidota","Bacteroidia","Bacteroidales","Bacteroidaceae","Phocaeicola","Phocaeicola dorei","High",93.24
"EA_SRX5589561-bin.36",64.9,2.24,0,"EA_SRX5589561","Ketogenic","Bacteria","Firmicutes_A","Clostridia","Oscillospirales","Oscillospiraceae","Intestinimonas","Intestinimonas stercorigallinarum","Medium",53.7
"EA_SRX5589561-bin.37",76.59,2.14,0,"EA_SRX5589561","Ketogenic","Bacteria","Cyanobacteria","Vampirovibrionia","Gastranaerophilales","Gastranaerophilaceae","Scatenecus","Scatenecus faecavium","Medium",65.89
"EA_SRX5589561-bin.39",93.95,0.81,0,"EA_SRX5589561","Ketogenic","Bacteria","Firmicutes_A","Clostridia","Christensenellales","CAG-314","CAG-314","CAG-314 sp000437915","High",89.9
"EA_SRX5589561-bin.4",88.89,0.28,0,"EA_SRX5589561","Ketogenic","Bacteria","Cyanobacteria","Vampirovibrionia","Gastranaerophilales","Gastranaerophilaceae","CAG-196","CAG-196 sp002102975","Medium",87.49
"EA_SRX5589561-bin.40",97.99,0,0,"EA_SRX5589561","Ketogenic","Bacteria","Firmicutes_A","Clostridia","Oscillospirales","Ruminococcaceae","CAG-115","CAG-115 sp003531585","High",97.99
"EA_SRX5589561-bin.41",86.86,0,0,"EA_SRX5589561","Ketogenic","Bacteria","Firmicutes_A","Clostridia","Oscillospirales","Ruminococcaceae","Angelakisella","Angelakisella sp900547385","Medium",86.86
"EA_SRX5589561-bin.46",87.03,1.05,25,"EA_SRX5589561","Ketogenic","Bacteria","Bacteroidota","Bacteroidia","Bacteroidales","Bacteroidaceae","Bacteroides","Bacteroides stercoris","Medium",81.78
"EA_SRX5589561-bin.49",94.93,0.41,50,"EA_SRX5589561","Ketogenic","Bacteria","Firmicutes_A","Clostridia","Oscillospirales","Ruminococcaceae","Gemmiger","Gemmiger formicilis","High",92.88
"EA_SRX5589561-bin.51",99.3,1.17,0,"EA_SRX5589561","Ketogenic","Bacteria","Firmicutes_A","Clostridia","Christensenellales","CAG-74","UBA11524","UBA11524 sp000437595","High",93.45
"EA_SRX5589561-bin.52",93.94,0.71,0,"EA_SRX5589561","Ketogenic","Bacteria","Firmicutes","Bacilli","Erysipelotrichales","Erysipelotrichaceae","Holdemanella","Holdemanella porci","High",90.39
"EA_SRX5589561-bin.53",96.85,0.64,0,"EA_SRX5589561","Ketogenic","Bacteria","Bacteroidota","Bacteroidia","Bacteroidales","Rikenellaceae","Alistipes","Alistipes sp902363575","High",93.65
"EA_SRX5589561-bin.54",97.18,1.4,0,"EA_SRX5589561","Ketogenic","Bacteria","Firmicutes_A","Clostridia","Christensenellales","CAG-138","PeH17","PeH17 sp000435055","High",90.18
"EA_SRX5589561-bin.55",70.69,0,0,"EA_SRX5589561","Ketogenic","Bacteria","Proteobacteria","Alphaproteobacteria","RF32","CAG-239","CAG-267","CAG-267 sp900551865","Medium",70.69
"EA_SRX5589561-bin.56",98.85,3.17,33.33,"EA_SRX5589561","Ketogenic","Bacteria","Bacteroidota","Bacteroidia","Bacteroidales","Rikenellaceae","Alistipes","Alistipes putredinis","High",83
"EA_SRX5589561-bin.57",61.85,0.32,0,"EA_SRX5589561","Ketogenic","Bacteria","Firmicutes_A","Clostridia","Lachnospirales","Lachnospiraceae","KLE1615","KLE1615 sp900066985","Medium",60.25
"EA_SRX5589561-bin.58",61.87,0.95,0,"EA_SRX5589561","Ketogenic","Bacteria","Firmicutes_A","Clostridia","Lachnospirales","Lachnospiraceae","CAG-56","CAG-56 sp905200565","Medium",57.12
"EA_SRX5589561-bin.59",69.28,0.86,0,"EA_SRX5589561","Ketogenic","Bacteria","Bacteroidota","Bacteroidia","Bacteroidales","Rikenellaceae","Alistipes","Alistipes shahii","Medium",64.98
"EA_SRX5589561-bin.6",86.42,1.08,50,"EA_SRX5589561","Ketogenic","Bacteria","Bacteroidota","Bacteroidia","Bacteroidales","Marinifilaceae","Odoribacter","Odoribacter splanchnicus","Medium",81.02
"EA_SRX5589561-bin.62",89.81,3.06,100,"EA_SRX5589561","Ketogenic","Bacteria","Firmicutes_A","Clostridia","Oscillospirales","Ruminococcaceae","Faecalibacterium","Faecalibacterium prausnitzii_C","Medium",74.51
"EA_SRX5589561-bin.65",84.74,0.19,0,"EA_SRX5589561","Ketogenic","Bacteria","Firmicutes_A","Clostridia","Lachnospirales","Lachnospiraceae","Mediterraneibacter","Mediterraneibacter torques","Medium",83.79
"EA_SRX5589561-bin.7",100,0.62,0,"EA_SRX5589561","Ketogenic","Bacteria","Proteobacteria","Gammaproteobacteria","Burkholderiales","Burkholderiaceae","Sutterella","Sutterella wadsworthensis","High",96.9
"EA_SRX5589561-bin.9",93.92,0,0,"EA_SRX5589561","Ketogenic","Bacteria","Firmicutes_A","Clostridia","Oscillospirales","Oscillospiraceae","ER4","ER4 sp900317525","High",93.92
